TT_username,TT_password,id,name,first_name,last_name,username,email,password,uuid,profile_picture,phone,address,gender,country,dob,created_at,updated_at
dungeondice99,C911norra10*,1,Christy Hunt,Christy,Hunt,christyhunt1965,christyhunt1965@outlook.com,wwwwww~8T,376316b5-f974-4457-a7ff-c65d563bf579,https://randomuser.me/api/portraits/women/31.jpg,(517) 934-5390,"1097, Lakeshore Rd, Riverside, Maine, United States",female,US,"{'year': 1965, 'month': 5, 'day': 27, 'date': '1965-05-27T06:37:44.967Z', 'age': 58}",12/22/2023 18:34,12/22/2023 18:34
GamerChronicleX759,C911norra10*,1,Wilma Craig,Wilma,Craig,wilmacraig1952,wilmacraig1952@outlook.com,donovan'0P,f242c786-d340-437c-bb41-092ee092b6d9,https://randomuser.me/api/portraits/women/88.jpg,(251) 738-5898,"7836, Marsh Ln, Medford, Michigan, United States",female,US,"{'year': 1952, 'month': 2, 'day': 28, 'date': '1952-02-28T03:15:35.341Z', 'age': 71}",12/22/2023 19:25,12/22/2023 19:25
RPGLegendsX219,C911norra10*,1,Ted Terry,Ted,Terry,tedterry1973,tedterry1973@outlook.com,harold3N},ee3c2db5-0a9f-4882-9645-0858cb2924d6,https://randomuser.me/api/portraits/men/54.jpg,(861) 613-8301,"7678, Crockett St, Stanley, Pennsylvania, United States",male,US,"{'year': 1973, 'month': 5, 'day': 19, 'date': '1973-05-19T13:29:50.049Z', 'age': 50}",12/22/2023 19:50,12/22/2023 19:50
QuestDiceChronicle14,C911norra10*,1,Ruben Arnold,Ruben,Arnold,rubenarnold1945,rubenarnold1945@outlook.com,riversid4{U,d02cb981-852d-4fe6-bc6b-806a737cf80c,https://randomuser.me/api/portraits/men/67.jpg,(524) 895-0777,"7995, Samaritan Dr, New Orleans, Nevada, United States",male,US,"{'year': 1945, 'month': 3, 'day': 5, 'date': '1945-03-05T07:11:02.881Z', 'age': 78}",12/22/2023 19:55,12/22/2023 19:55
DungeonDiceQuest345,C911norra10*,1,Harold Tucker,Harold,Tucker,haroldtucker1946,haroldtucker1946@outlook.com,archange/3T,6ea4b2ef-841c-4130-81da-b01593e64f1c,https://randomuser.me/api/portraits/men/35.jpg,(618) 529-0754,"2753, Rolling Green Rd, Cape Coral, Washington, United States",male,US,"{'year': 1946, 'month': 7, 'day': 10, 'date': '1946-07-10T17:38:03.683Z', 'age': 77}",12/22/2023 20:02,12/22/2023 20:02
diceenigma485,C911norra10*,1,Juan Riley,Juan,Riley,juanriley1987,juanriley1987@outlook.com,dude3J\6,8c52d695-d153-4e11-9578-ccf1bde385c6,https://randomuser.me/api/portraits/men/11.jpg,(789) 353-7419,"1262, Timber Wolf Trail, Independence, New Mexico, United States",male,US,"{'year': 1987, 'month': 12, 'day': 17, 'date': '1987-12-17T22:28:01.426Z', 'age': 36}",12/22/2023 20:18,12/22/2023 20:18
GamerChronicleRealm906,C911norra10*,1,Larry Ward,Larry,Ward,larryward1963,larryward1963@outlook.com,trinidad1#S,9e9e7425-f54d-40c5-8e78-451e366075c9,https://randomuser.me/api/portraits/men/91.jpg,(333) 243-7654,"8887, Mcgowen St, Ennis, Delaware, United States",male,US,"{'year': 1963, 'month': 5, 'day': 9, 'date': '1963-05-09T10:24:18.632Z', 'age': 60}",12/22/2023 20:27,12/22/2023 20:27
DungeonDiceWarrior394,C911norra10*,1,Robin Holt,Robin,Holt,robinholt1964,robinholt1964@outlook.com,lantern0K#,c62f0f39-74a5-4346-9686-c955f9333840,https://randomuser.me/api/portraits/women/93.jpg,(622) 353-0036,"64, Woodland St, Columbus, New Hampshire, United States",female,US,"{'year': 1964, 'month': 10, 'day': 10, 'date': '1964-10-10T10:35:25.350Z', 'age': 59}",12/22/2023 20:44,12/22/2023 20:44
UltimateRPGGamer772,C911norra10*,1,Harvey Hughes,Harvey,Hughes,harveyhughes1987,harveyhughes1987@outlook.com,candyman4H!,66474d5e-c145-4b37-9326-9b8378ca04ba,https://randomuser.me/api/portraits/men/19.jpg,(557) 703-7673,"4435, First Street, Stamford, Maine, United States",male,US,"{'year': 1987, 'month': 1, 'day': 20, 'date': '1987-01-20T23:54:14.707Z', 'age': 36}",12/22/2023 21:01,12/22/2023 21:01
RPGConqueror71,C911norra10*,1,Gladys Hart,Gladys,Hart,gladyshart1986,gladyshart1986@outlook.com,1111'uY6,55406911-11d4-4195-8802-16b4652433d5,https://randomuser.me/api/portraits/women/38.jpg,(412) 328-3148,"4126, Oak Lawn Ave, Boise, Connecticut, United States",female,US,"{'year': 1986, 'month': 6, 'day': 21, 'date': '1986-06-21T23:30:28.788Z', 'age': 37}",12/23/2023 13:01,12/23/2023 13:01
RPGAdventurer536,C911norra10*,1,Cecil Rogers,Cecil,Rogers,cecilrogers1954,cecilrogers1954@outlook.com,mamasD5*,2c40dc56-26f7-43bd-894b-22063fd2a414,https://randomuser.me/api/portraits/men/41.jpg,(398) 363-1396,"279, Thornridge Cir, Santa Maria, Louisiana, United States",male,US,"{'year': 1954, 'month': 9, 'day': 10, 'date': '1954-09-10T23:59:20.518Z', 'age': 69}",12/23/2023 13:23,12/23/2023 13:23
DiceWizard162,C911norra10*,1,آرتين سلطانی نژاد,آرتين,سلطانی نژاد,artynsltnynjd1945,artynsltnynjd1945@outlook.com,gators1:Y,0542d9d9-f62c-4cba-86ad-d02128682503,https://randomuser.me/api/portraits/men/7.jpg,015-45130266,"1803, نبرد, شهریار, کرمان, Iran",male,RU,"{'year': 1945, 'month': 7, 'day': 24, 'date': '1945-07-24T10:52:30.286Z', 'age': 78}",12/23/2023 14:32,12/23/2023 14:32
DungeonDice989,C911norra10*,1,Roberta Shaw,Roberta,Shaw,robertashaw1948,robertashaw1948@outlook.com,"bobcatQ,3",cdab49bb-3532-4687-a523-5211d46b1c2d,https://randomuser.me/api/portraits/women/79.jpg,(447) 271-8576,"2578, Pecan Acres Ln, Richmond, Oregon, United States",female,US,"{'year': 1948, 'month': 4, 'day': 29, 'date': '1948-04-29T00:00:05.660Z', 'age': 75}",12/24/2023 10:47,12/24/2023 10:47
diceman075601,C911norra10*,1,Beverley George,Beverley,George,beverleygeorge1992,beverleygeorge1992@outlook.com,mikey1)C,144282d1-f85b-4cfb-a395-f8d3c391a70f,https://randomuser.me/api/portraits/women/75.jpg,(360) 740-9234,"5031, Depaul Dr, Seymour, Colorado, United States",female,US,"{'year': 1992, 'month': 2, 'day': 25, 'date': '1992-02-25T15:00:44.136Z', 'age': 31}",12/24/2023 10:49,12/24/2023 10:49
EpicGamerOdyssey699,C911norra10*,1,Raul Ruiz,Raul,Ruiz,raulruiz1971,raulruiz1971@outlook.com,beach1$X,cc067619-a5fc-474d-a1d6-7706dbb655e5,https://randomuser.me/api/portraits/men/42.jpg,(877) 533-8358,"4187, Marsh Ln, Hamsburg, Colorado, United States",male,US,"{'year': 1971, 'month': 9, 'day': 26, 'date': '1971-09-26T16:09:05.012Z', 'age': 52}",12/24/2023 11:38,12/24/2023 11:38
DiceEpicChronicle637,C911norra10*,1,Minnie Martin,Minnie,Martin,minniemartin1973,minniemartin1973@outlook.com,1970`Zc5,b896bce1-2ba3-43c9-be0c-ba8906cbf24d,https://randomuser.me/api/portraits/women/0.jpg,(576) 912-8881,"7351, Sunset St, Vernon, California, United States",female,US,"{'year': 1973, 'month': 12, 'day': 2, 'date': '1973-12-02T01:39:46.643Z', 'age': 50}",12/24/2023 11:46,12/24/2023 11:46
RPGDestinyVenture460,C911norra10*,1,Pearl Lane,Pearl,Lane,pearllane1970,pearllane1970@outlook.com,"clips3O,",c8303364-6cf0-468b-bb31-9371db5ff2e2,https://randomuser.me/api/portraits/women/81.jpg,(739) 918-1334,"2204, E Pecan St, Huntington Beach, Illinois, United States",female,US,"{'year': 1970, 'month': 1, 'day': 11, 'date': '1970-01-11T11:40:37.974Z', 'age': 53}",12/24/2023 11:50,12/24/2023 11:50
QuestDiceChronicleX747,C911norra10*,1,Maurice Wood,Maurice,Wood,mauricewood1972,mauricewood1972@outlook.com,wolvesK8|,bff4fe82-b127-4248-afa6-b7802969d577,https://randomuser.me/api/portraits/men/1.jpg,(363) 683-4446,"2828, White Oak Dr, Thornton, Nevada, United States",male,US,"{'year': 1972, 'month': 6, 'day': 16, 'date': '1972-06-16T05:41:31.040Z', 'age': 51}",12/25/2023 18:51,12/25/2023 18:51
DiceFrontierX465,C911norra10*,1,Wendy Obrien,Wendy,Obrien,wendyobrien1978,wendyobrien1978@outlook.com,fireballT4>,fa72ccd7-fdcd-4a77-bc53-a694174bb60d,https://randomuser.me/api/portraits/women/6.jpg,(526) 730-8613,"7531, Smokey Ln, St. Petersburg, Missouri, United States",female,US,"{'year': 1978, 'month': 11, 'day': 16, 'date': '1978-11-16T20:33:58.581Z', 'age': 45}",12/25/2023 18:53,12/25/2023 18:53
MysticGamerDice495,C911norra10*,1,Dale Griffin,Dale,Griffin,dalegriffin1980,dalegriffin1980@outlook.com,bunnies$R4,35ed59a2-cde7-442c-b270-5a21f193dc80,https://randomuser.me/api/portraits/men/10.jpg,(906) 387-5092,"8209, Hogan St, New York, North Dakota, United States",male,US,"{'year': 1980, 'month': 7, 'day': 17, 'date': '1980-07-17T04:05:14.505Z', 'age': 43}",12/25/2023 18:56,12/25/2023 18:56
GamerChronicles217,C911norra10*,1,Ilir Legrand,Ilir,Legrand,ilirlegrand1955,ilirlegrand1955@outlook.com,milfnewX7@,68f010d6-7bda-43c8-9934-a20ac9219b62,https://randomuser.me/api/portraits/men/68.jpg,077 106 74 11,"438, Avenue Vauban, Arzier-Le Muids, Uri, Switzerland",male,RO,"{'year': 1955, 'month': 2, 'day': 12, 'date': '1955-02-12T08:31:00.350Z', 'age': 68}",12/25/2023 19:04,12/25/2023 19:04
UltimateRPGGamer379,C911norra10*,1,Dan Carter,Dan,Carter,dancarter1972,dancarter1972@outlook.com,1949(Qy2,321422c7-0454-4c47-80dc-37e6190eb4ef,https://randomuser.me/api/portraits/men/38.jpg,(250) 962-9982,"2855, Depaul Dr, Chicago, Pennsylvania, United States",male,US,"{'year': 1972, 'month': 8, 'day': 2, 'date': '1972-08-02T07:42:11.169Z', 'age': 51}",12/25/2023 19:07,12/25/2023 19:07
DigitalRPGQuest335,C911norra10*,1,Alexis Bates,Alexis,Bates,alexisbates1975,alexisbates1975@outlook.com,ernieG2!,00f2375b-56ec-4161-8e5b-5c86efb71d53,https://randomuser.me/api/portraits/women/87.jpg,(964) 283-2145,"2357, Lovers Ln, Frederick, Oklahoma, United States",female,US,"{'year': 1975, 'month': 12, 'day': 28, 'date': '1975-12-28T17:37:42.228Z', 'age': 47}",12/25/2023 19:09,12/25/2023 19:09
PixelRPGVenture979,C911norra10*,1,David Chambers,David,Chambers,davidchambers1992,davidchambers1992@outlook.com,cosmo}4A,322e9775-f979-45e7-84f3-5d543636ed0c,https://randomuser.me/api/portraits/men/28.jpg,(342) 588-0700,"9294, Oak Ridge Ln, Jackson, Missouri, United States",male,US,"{'year': 1992, 'month': 12, 'day': 1, 'date': '1992-12-01T09:26:33.334Z', 'age': 31}",12/25/2023 19:12,12/25/2023 19:12
diceman075981,C911norra10*,1,Emily Gray,Emily,Gray,emilygray1975,emilygray1975@outlook.com,tattooO_0,45e3d05a-79bd-49f0-87e3-c387c6b54679,https://randomuser.me/api/portraits/women/76.jpg,(573) 444-5023,"8519, Bollinger Rd, Fremont, New York, United States",female,US,"{'year': 1975, 'month': 9, 'day': 1, 'date': '1975-09-01T01:12:56.992Z', 'age': 48}",12/25/2023 19:15,12/25/2023 19:15
,,1,Gordon Williamson,Gordon,Williamson,gordonwilliamson1991,gordonwilliamson1991@outlook.com,1998c)X2,6f44b191-b2dc-486c-a0f7-ddf215c22d92,https://randomuser.me/api/portraits/men/15.jpg,(237) 318-5125,"2711, Shady Ln Dr, Bernalillo, New Jersey, United States",male,US,"{'year': 1991, 'month': 7, 'day': 1, 'date': '1991-07-01T05:11:29.958Z', 'age': 32}",12/25/2023 19:24,12/25/2023 19:24
